id,nombre,horasTrabajadas,sueldo
22,dasdasd,6666,666
2,Ulrike,180,25000
13,Shel,120,50000
5,Sheelagh,220,18000
19,Park,120,30000
21,Nicolas,3,500
15,Megen,180,10000
1,Lou,120,10000
7,Kimberlee,60,33000
4,Kimbell,120,50000
9,Jeanine,325,18000
16,Iver,90,12000
8,Henrieta,90,30000
6,Gayle,120,30000
17,Ernesta,60,37000
12,Cordelie,325,50000
18,Cirillo,88,50000
14,Bronnie,60,20000
11,Brandea,180,15000
3,Brade,325,20000
20,Bellanca,88,15000
